-- MySQL dump 10.13  Distrib 8.0.43, for Linux (x86_64)
--
-- Host: localhost    Database: Educacio
-- ------------------------------------------------------
-- Server version	8.0.43-0ubuntu0.22.04.2

/*!40101 SET @OLD_CHARACTER_SET_CLIENT=@@CHARACTER_SET_CLIENT */;
/*!40101 SET @OLD_CHARACTER_SET_RESULTS=@@CHARACTER_SET_RESULTS */;
/*!40101 SET @OLD_COLLATION_CONNECTION=@@COLLATION_CONNECTION */;
/*!50503 SET NAMES utf8mb4 */;
/*!40103 SET @OLD_TIME_ZONE=@@TIME_ZONE */;
/*!40103 SET TIME_ZONE='+00:00' */;
/*!40014 SET @OLD_UNIQUE_CHECKS=@@UNIQUE_CHECKS, UNIQUE_CHECKS=0 */;
/*!40014 SET @OLD_FOREIGN_KEY_CHECKS=@@FOREIGN_KEY_CHECKS, FOREIGN_KEY_CHECKS=0 */;
/*!40101 SET @OLD_SQL_MODE=@@SQL_MODE, SQL_MODE='NO_AUTO_VALUE_ON_ZERO' */;
/*!40111 SET @OLD_SQL_NOTES=@@SQL_NOTES, SQL_NOTES=0 */;

--
-- Table structure for table `adreces`
--

DROP TABLE IF EXISTS `adreces`;
/*!40101 SET @saved_cs_client     = @@character_set_client */;
/*!50503 SET character_set_client = utf8mb4 */;
CREATE TABLE `adreces` (
  `register_id` bigint NOT NULL,
  `roadtype_id` text,
  `roadtype_name` text,
  `road_id` bigint DEFAULT NULL,
  `road_name` text,
  `start_number` text,
  `end_number` text,
  `neighborhood_id` text,
  `neighborhood_name` text,
  `district_id` text,
  `district_name` text,
  `zip_code` text,
  `town` text,
  `main_address` tinyint(1) DEFAULT NULL,
  `address_type` text,
  PRIMARY KEY (`register_id`)
) ENGINE=InnoDB DEFAULT CHARSET=utf8mb4 COLLATE=utf8mb4_0900_ai_ci;
/*!40101 SET character_set_client = @saved_cs_client */;

--
-- Dumping data for table `adreces`
--

LOCK TABLES `adreces` WRITE;
/*!40000 ALTER TABLE `adreces` DISABLE KEYS */;
INSERT INTO `adreces` VALUES (12134410,'','',332703,'Carrer del Teide','27','27','46','el Turó de la Peira','08','Nou Barris','08031','Barcelona',1,''),(13125154,'','',214809,'Molist','17','','30','la Salut','06','Gràcia','08024','BARCELONA',1,''),(19112356,'','',369408,'Pg Zona Franca','168','','13','la Marina de Port','03','Sants-Montjuïc','08038','BARCELONA',1,''),(19181742,'','',268003,'Provença','525','','06','la Sagrada Família','02','Eixample','08025','BARCELONA',1,''),(24085910,'','',59105,'C Canalejas','107','','17','Sants - Badal','03','Sants-Montjuïc','08028','BARCELONA',1,''),(27091235,'','',17706,'Antoni de Capmany','80','','18','Sants','03','Sants-Montjuïc','08014','BARCELONA',1,''),(27113254,'','',149605,'C Grassot','92','','32','el Camp d\'en Grassot i Gràcia Nova','06','Gràcia','08025','BARCELONA',1,''),(33141645,'','',225500,'Nàpols','42','','05','el Fort Pienc','02','Eixample','08018','BARCELONA',1,''),(47193230,'','',12407,'C Sant Pere Més Alt','72','','04','Sant Pere, Santa Caterina i la Ribera','01','Ciutat Vella','08003','BARCELONA',1,''),(55163531,'','',239606,'Pare Pérez del Pulgar','17','','57','la Trinitat Vella','09','Sant Andreu','08033','BARCELONA',1,''),(55163949,'','',281409,'Ctra Ribes','103','','57','la Trinitat Vella','09','Sant Andreu','08033','BARCELONA',1,''),(67171128,'','',89004,'Consell de Cent','425','','07','la Dreta de l\'Eixample','02','Eixample','08009','BARCELONA',1,''),(68155924,'','',169023,'Jordi Girona','1','','21','Pedralbes','04','Les Corts','08034','BARCELONA',1,''),(74093138,'','',297001,'C Sant Antoni Maria Claret','357','','61','la Sagrera','09','Sant Andreu','08027','BARCELONA',1,''),(81131048,'','',138802,'C Galileu','298','','19','les Corts','04','Les Corts','08028','BARCELONA',1,''),(90181404,'','',161407,'C Indústria','137','','06','la Sagrada Família','02','Eixample','08025','BARCELONA',1,''),(130115232,'','',152508,'Carrer de Guillem Tell','47','47','27','el Putxet i el Farró','05','Sarrià-Sant Gervasi','08006','Barcelona',1,''),(150121418,'','',700813,'C Doctor Aiguader','88','','03','la Barceloneta','01','Ciutat Vella','08003','BARCELONA',1,''),(157183430,'','',71600,'C Casp','82','','07','la Dreta de l\'Eixample','02','Eixample','08010','BARCELONA',1,''),(159161004,'','',74506,'Rbla Catalunya','104','','07','la Dreta de l\'Eixample','02','Eixample','08008','BARCELONA',1,''),(172133754,'','',161407,'C Indústria','311','','64','el Camp de l\'Arpa del Clot','10','Sant Martí','08041','BARCELONA',1,''),(172133951,'','',326201,'C Siracusa','53','','31','la Vila de Gràcia','06','Gràcia','08012','BARCELONA',1,''),(175135643,'','',274800,'C Ramón y Cajal','88','','31','la Vila de Gràcia','06','Gràcia','08012','BARCELONA',1,''),(196095943,'','',349309,'Rda Universitat','12','','07','la Dreta de l\'Eixample','02','Eixample','08007','BARCELONA',1,''),(199193656,'','',301903,'Sant Germà','8','','14','la Font de la Guatlla','03','Sants-Montjuïc','08004','BARCELONA',1,''),(242175141,'','',162002,'Av Josep Tarradellas','96','','09','la Nova Esquerra de l\'Eixample','02','Eixample','08029','BARCELONA',1,''),(251193419,'','',32700,'Balmes','301','','26','Sant Gervasi - Galvany','05','Sarrià-Sant Gervasi','08006','BARCELONA',1,''),(266121351,'','',700685,'Pl Margarida Xirgu','6','','11','el Poble-sec','03','Sants-Montjuïc','08004','BARCELONA',1,''),(301181529,'','',169023,'Jordi Girona','1','','21','Pedralbes','04','Les Corts','08034','BARCELONA',1,''),(312180049,'','',169023,'Jordi Girona','1','','21','Pedralbes','04','Les Corts','08034','BARCELONA',1,''),(322114546,'','',700813,'Doctor Aiguader','80','','03','la Barceloneta','01','Ciutat Vella','08003','BARCELONA',1,''),(333091852,'','',181608,'C Roc Boronat','138','','66','el Parc i la Llacuna del Poblenou','10','Sant Martí','08018','BARCELONA',1,''),(353183830,'','',296600,'C Sant Antoni Abat','12','','01','el Raval','01','Ciutat Vella','08001','BARCELONA',1,''),(354173408,'','',102306,'Av Doctor Marañón','44','','20','la Maternitat i Sant Ramon','04','Les Corts','08028','BARCELONA',1,''),(354174913,'','',328003,'Sor Eulàlia d\'Anzizu','41','','21','Pedralbes','04','Les Corts','08034','BARCELONA',1,''),(355134317,'','',162400,'Immaculada','22','','25','Sant Gervasi - la Bonanova','05','Sarrià-Sant Gervasi','08017','BARCELONA',1,''),(355134447,'','',162400,'Immaculada','22','','25','Sant Gervasi - la Bonanova','05','Sarrià-Sant Gervasi','08017','BARCELONA',1,''),(355142528,'','',101008,'Av Tibidabo','39','','25','Sant Gervasi - la Bonanova','05','Sarrià-Sant Gervasi','08035','BARCELONA',1,''),(356094623,'','',81104,'Claravall','1','','25','Sant Gervasi - la Bonanova','05','Sarrià-Sant Gervasi','08022','BARCELONA',1,''),(356131233,'','',209208,'C Mercè','12','','02','el Barri Gòtic','01','Ciutat Vella','08002','BARCELONA',1,''),(362103839,'','',701346,'C Antoni Gilabert i Bonet','55','','51','Verdun','08','Nou Barris','08042','BARCELONA',1,''),(1031123107,'','',350308,'C València','76','','09','la Nova Esquerra de l\'Eixample','02','Eixample','08015','BARCELONA',1,''),(1047164651,'','',238400,'Padilla','395','','33','el Baix Guinardó','07','Horta-Guinardó','08025','BARCELONA',1,''),(1066143504,'','',169409,'Gran Via de les Corts Catalanes','585','','08','l\'Antiga Esquerra de l\'Eixample','02','Eixample','08007','Barcelona',1,''),(1066154523,'','',21601,'C Arcs','1','','02','el Barri Gòtic','01','Ciutat Vella','08002','BARCELONA',1,''),(1079155038,'','',37350,'Av J V Foix','55','','23','Sarrià','05','Sarrià-Sant Gervasi','08013','BARCELONA',1,''),(1081085606,'','',238400,'C Padilla','155','','05','el Fort Pienc','02','Eixample','08013','BARCELONA',1,''),(1081092719,'','',361406,'Carrer de Viladomat','2','8','10','Sant Antoni','02','Eixample','08015','Barcelona',1,''),(1081094422,'','',700685,'Pl Margarida Xirgu','6','','11','el Poble-sec','03','Sants-Montjuïc','08004','BARCELONA',1,''),(1087135420,'','',66508,'G.V. Carles III','64','','19','les Corts','04','Les Corts','08028','BARCELONA',1,''),(1096153925,'','',228600,'C Noguera Pallaresa','59','','16','la Bordeta','03','Sants-Montjuïc','08014','BARCELONA',1,''),(1108125936,'','',32051,'Baldiri Reixac','4','','20','la Maternitat i Sant Ramon','04','Les Corts','08028','BARCELONA',1,''),(1117105643,'','',297001,'Sant Antoni Maria Claret','167','','35','el Guinardó','07','Horta-Guinardó','08025','BARCELONA',1,''),(1120100705,'','',110803,'Entença','297','','19','les Corts','04','Les Corts','08029','BARCELONA',1,''),(1120114225,'','',50803,'Carrer de Buenaventura Muñoz','11','11','66','el Parc i la Llacuna del Poblenou','10','Sant Martí','08018','Barcelona',1,''),(1124101755,'','',369601,'Riego','5','','18','Sants','03','Sants-Montjuïc','08014','BARCELONA',1,''),(1124102211,'','',231502,'Numància','98','','19','les Corts','04','Les Corts','08029','BARCELONA',1,''),(1128203753,'','',71600,'Casp','35','','07','la Dreta de l\'Eixample','02','Eixample','08010','BARCELONA',1,''),(1129162618,'','',312400,'C Sants','136','','18','Sants','03','Sants-Montjuïc','08028','BARCELONA',1,''),(1129172445,'','',54509,'Calàbria','129','','09','la Nova Esquerra de l\'Eixample','02','Eixample','08015','BARCELONA',1,''),(1130120543,'','',191204,'Mallorca','606','','64','el Camp de l\'Arpa del Clot','10','Sant Martí','08026','BARCELONA',1,''),(1130165632,'','',30602,'Badal','98','','16','la Bordeta','03','Sants-Montjuïc','08014','BARCELONA',1,''),(1130165650,'','',175478,'K Zona Franca','2','','12','la Marina del Prat Vermell','03','Sants-Montjuïc','08040','BARCELONA',1,''),(1130173252,'','',175478,'K Zona Franca','2','','12','la Marina del Prat Vermell','03','Sants-Montjuïc','08040','BARCELONA',1,''),(1130174144,'','',175478,'K Zona Franca','2','','12','la Marina del Prat Vermell','03','Sants-Montjuïc','08040','BARCELONA',1,''),(1130174523,'','',175478,'K Zona Franca','2','','12','la Marina del Prat Vermell','03','Sants-Montjuïc','08040','BARCELONA',1,''),(1130210851,'','',333604,'C Tinent Coronel Valenzuela','1','','21','Pedralbes','04','Les Corts','08034','BARCELONA',1,''),(1131123715,'','',361406,'Viladomat','174','','09','la Nova Esquerra de l\'Eixample','02','Eixample','08015','BARCELONA',1,''),(1144092409,'','',0,'','','','00','','00','','','BARCELONA',1,''),(1145134519,'','',97807,'C Dante Alighieri','49','','43','Horta','07','Horta-Guinardó','08032','BARCELONA',1,''),(1148140537,'','',42306,'C Bilbao','212','','65','el Clot','10','Sant Martí','08018','BARCELONA',1,''),(1163134419,'','',88001,'Comtes de Bell-lloc','144','','19','les Corts','04','Les Corts','08014','BARCELONA',1,''),(1166124831,'','',197903,'Passeig Marítim de la Barceloneta - Oriol Bohigas','37','','03','la Barceloneta','01','Ciutat Vella','08003','Barcelona',1,''),(1183105439,'','',126803,'Ptge Flaugier','49','','35','el Guinardó','07','Horta-Guinardó','08041','BARCELONA',1,''),(1263121555,'','',228100,'C Nil Fabra','5','','31','la Vila de Gràcia','06','Gràcia','08012','BARCELONA',1,''),(1281135009,'','',66508,'G.V. Carles III','17','','20','la Maternitat i Sant Ramon','04','Les Corts','08028','BARCELONA',1,''),(1299090907,'','',110803,'C Entença','100','','09','la Nova Esquerra de l\'Eixample','02','Eixample','08015','BARCELONA',1,''),(1302102942,'','',50100,'C Brussel.les','34','','35','el Guinardó','07','Horta-Guinardó','08041','BARCELONA',1,''),(1302110725,'','',169409,'Gran Via de les Corts Catalanes','587','589','07','la Dreta de l\'Eixample','02','Eixample','08007','Barcelona',1,''),(1318155120,'','',170907,'Jota','23','','44','Vilapicina i la Torre Llobeta','08','Nou Barris','08016','BARCELONA',1,''),(1330172216,'','',700762,'Lluís Solé i Sabarís','1','','20','la Maternitat i Sant Ramon','04','Les Corts','08028','BARCELONA',1,''),(2008164453,'','',369408,'Passeig de la Zona Franca','54','','12','la Marina del Prat Vermell','03','Sants-Montjuïc','08038','Barcelona',1,''),(2008170005,'','',700805,'Pl Robert Gerhard','3','','59','el Bon Pastor','09','Sant Andreu','08000','BARCELONA',1,''),(2093120653,'','',269006,'C Portal Nou','2','','04','Sant Pere, Santa Caterina i la Ribera','01','Ciutat Vella','08003','BARCELONA',1,''),(2093120848,'','',192502,'C Manso','28','','10','Sant Antoni','02','Eixample','08015','BARCELONA',1,''),(2093121443,'','',315500,'Pg Santa Eulàlia','18','','23','Sarrià','05','Sarrià-Sant Gervasi','08017','BARCELONA',1,''),(2093122108,'','',100209,'Deià','12','','45','Porta','08','Nou Barris','08016','BARCELONA',1,''),(2093122837,'','',169103,'C Jorge Manrique','12','','41','la Vall d\'Hebron','07','Horta-Guinardó','08035','BARCELONA',1,''),(2093122931,'','',273003,'C Quito','2','','58','Baró de Viver','09','Sant Andreu','08030','BARCELONA',1,''),(2093123310,'','',701109,'Pl Julio González','14','','68','el Poblenou','10','Sant Martí','08005','BARCELONA',1,''),(2093123421,'','',75702,'C Carmen Amaya','2','','68','el Poblenou','10','Sant Martí','08005','BARCELONA',1,''),(2147483647,'','',235208,'C Olzinelles','73','','16','la Bordeta','03','Sants-Montjuïc','08014','BARCELONA',1,'');
/*!40000 ALTER TABLE `adreces` ENABLE KEYS */;
UNLOCK TABLES;

--
-- Table structure for table `adreces_backup`
--

DROP TABLE IF EXISTS `adreces_backup`;
/*!40101 SET @saved_cs_client     = @@character_set_client */;
/*!50503 SET character_set_client = utf8mb4 */;
CREATE TABLE `adreces_backup` (
  `register_id` int DEFAULT NULL,
  `roadtype_id` text,
  `roadtype_name` text,
  `road_id` int DEFAULT NULL,
  `road_name` text,
  `start_number` int DEFAULT NULL,
  `end_number` int DEFAULT NULL,
  `neighborhood_id` int DEFAULT NULL,
  `neighborhood_name` text,
  `district_id` int DEFAULT NULL,
  `district_name` text,
  `zip_code` int DEFAULT NULL,
  `town` text,
  `main_address` int DEFAULT NULL,
  `address_type` text
) ENGINE=InnoDB DEFAULT CHARSET=utf8mb4 COLLATE=utf8mb4_0900_ai_ci;
/*!40101 SET character_set_client = @saved_cs_client */;

--
-- Dumping data for table `adreces_backup`
--

LOCK TABLES `adreces_backup` WRITE;
/*!40000 ALTER TABLE `adreces_backup` DISABLE KEYS */;
INSERT INTO `adreces_backup` VALUES (12134410,NULL,NULL,332703,'Carrer del Teide',27,27,46,'el Turó de la Peira',8,'Nou Barris',8031,'Barcelona',1,NULL),(13125154,NULL,NULL,214809,'Molist',17,NULL,30,'la Salut',6,'Gràcia',8024,'BARCELONA',1,NULL),(19112356,NULL,NULL,369408,'Pg Zona Franca',168,NULL,13,'la Marina de Port',3,'Sants-Montjuïc',8038,'BARCELONA',1,NULL),(19181742,NULL,NULL,268003,'Provença',525,NULL,6,'la Sagrada Família',2,'Eixample',8025,'BARCELONA',1,NULL),(24085910,NULL,NULL,59105,'C Canalejas',107,NULL,17,'Sants - Badal',3,'Sants-Montjuïc',8028,'BARCELONA',1,NULL),(27091235,NULL,NULL,17706,'Antoni de Capmany',80,NULL,18,'Sants',3,'Sants-Montjuïc',8014,'BARCELONA',1,NULL),(27113254,NULL,NULL,149605,'C Grassot',92,NULL,32,'el Camp d\'en Grassot i Gràcia Nova',6,'Gràcia',8025,'BARCELONA',1,NULL),(33141645,NULL,NULL,225500,'Nàpols',42,NULL,5,'el Fort Pienc',2,'Eixample',8018,'BARCELONA',1,NULL),(47193230,NULL,NULL,12407,'C Sant Pere Més Alt',72,NULL,4,'Sant Pere, Santa Caterina i la Ribera',1,'Ciutat Vella',8003,'BARCELONA',1,NULL),(55163531,NULL,NULL,239606,'Pare Pérez del Pulgar',17,NULL,57,'la Trinitat Vella',9,'Sant Andreu',8033,'BARCELONA',1,NULL),(55163949,NULL,NULL,281409,'Ctra Ribes',103,NULL,57,'la Trinitat Vella',9,'Sant Andreu',8033,'BARCELONA',1,NULL),(67171128,NULL,NULL,89004,'Consell de Cent',425,NULL,7,'la Dreta de l\'Eixample',2,'Eixample',8009,'BARCELONA',1,NULL),(68155924,NULL,NULL,169023,'Jordi Girona',1,NULL,21,'Pedralbes',4,'Les Corts',8034,'BARCELONA',1,NULL),(74093138,NULL,NULL,297001,'C Sant Antoni Maria Claret',357,NULL,61,'la Sagrera',9,'Sant Andreu',8027,'BARCELONA',1,NULL),(81131048,NULL,NULL,138802,'C Galileu',298,NULL,19,'les Corts',4,'Les Corts',8028,'BARCELONA',1,NULL),(90181404,NULL,NULL,161407,'C Indústria',137,NULL,6,'la Sagrada Família',2,'Eixample',8025,'BARCELONA',1,NULL),(130115232,NULL,NULL,152508,'Carrer de Guillem Tell',47,47,27,'el Putxet i el Farró',5,'Sarrià-Sant Gervasi',8006,'Barcelona',1,NULL),(150121418,NULL,NULL,700813,'C Doctor Aiguader',88,NULL,3,'la Barceloneta',1,'Ciutat Vella',8003,'BARCELONA',1,NULL),(157183430,NULL,NULL,71600,'C Casp',82,NULL,7,'la Dreta de l\'Eixample',2,'Eixample',8010,'BARCELONA',1,NULL),(159161004,NULL,NULL,74506,'Rbla Catalunya',104,NULL,7,'la Dreta de l\'Eixample',2,'Eixample',8008,'BARCELONA',1,NULL),(172133754,NULL,NULL,161407,'C Indústria',311,NULL,64,'el Camp de l\'Arpa del Clot',10,'Sant Martí',8041,'BARCELONA',1,NULL),(172133951,NULL,NULL,326201,'C Siracusa',53,NULL,31,'la Vila de Gràcia',6,'Gràcia',8012,'BARCELONA',1,NULL),(175135643,NULL,NULL,274800,'C Ramón y Cajal',88,NULL,31,'la Vila de Gràcia',6,'Gràcia',8012,'BARCELONA',1,NULL),(196095943,NULL,NULL,349309,'Rda Universitat',12,NULL,7,'la Dreta de l\'Eixample',2,'Eixample',8007,'BARCELONA',1,NULL),(199193656,NULL,NULL,301903,'Sant Germà',8,NULL,14,'la Font de la Guatlla',3,'Sants-Montjuïc',8004,'BARCELONA',1,NULL),(242175141,NULL,NULL,162002,'Av Josep Tarradellas',96,NULL,9,'la Nova Esquerra de l\'Eixample',2,'Eixample',8029,'BARCELONA',1,NULL),(251193419,NULL,NULL,32700,'Balmes',301,NULL,26,'Sant Gervasi - Galvany',5,'Sarrià-Sant Gervasi',8006,'BARCELONA',1,NULL),(266121351,NULL,NULL,700685,'Pl Margarida Xirgu',6,NULL,11,'el Poble-sec',3,'Sants-Montjuïc',8004,'BARCELONA',1,NULL),(301181529,NULL,NULL,169023,'Jordi Girona',1,NULL,21,'Pedralbes',4,'Les Corts',8034,'BARCELONA',1,NULL),(312180049,NULL,NULL,169023,'Jordi Girona',1,NULL,21,'Pedralbes',4,'Les Corts',8034,'BARCELONA',1,NULL),(322114546,NULL,NULL,700813,'Doctor Aiguader',80,NULL,3,'la Barceloneta',1,'Ciutat Vella',8003,'BARCELONA',1,NULL),(333091852,NULL,NULL,181608,'C Roc Boronat',138,NULL,66,'el Parc i la Llacuna del Poblenou',10,'Sant Martí',8018,'BARCELONA',1,NULL),(353183830,NULL,NULL,296600,'C Sant Antoni Abat',12,NULL,1,'el Raval',1,'Ciutat Vella',8001,'BARCELONA',1,NULL),(354173408,NULL,NULL,102306,'Av Doctor Marañón',44,NULL,20,'la Maternitat i Sant Ramon',4,'Les Corts',8028,'BARCELONA',1,NULL),(354174913,NULL,NULL,328003,'Sor Eulàlia d\'Anzizu',41,NULL,21,'Pedralbes',4,'Les Corts',8034,'BARCELONA',1,NULL),(355134317,NULL,NULL,162400,'Immaculada',22,NULL,25,'Sant Gervasi - la Bonanova',5,'Sarrià-Sant Gervasi',8017,'BARCELONA',1,NULL),(355134447,NULL,NULL,162400,'Immaculada',22,NULL,25,'Sant Gervasi - la Bonanova',5,'Sarrià-Sant Gervasi',8017,'BARCELONA',1,NULL),(355142528,NULL,NULL,101008,'Av Tibidabo',39,NULL,25,'Sant Gervasi - la Bonanova',5,'Sarrià-Sant Gervasi',8035,'BARCELONA',1,NULL),(356094623,NULL,NULL,81104,'Claravall',1,NULL,25,'Sant Gervasi - la Bonanova',5,'Sarrià-Sant Gervasi',8022,'BARCELONA',1,NULL),(356131233,NULL,NULL,209208,'C Mercè',12,NULL,2,'el Barri Gòtic',1,'Ciutat Vella',8002,'BARCELONA',1,NULL),(362103839,NULL,NULL,701346,'C Antoni Gilabert i Bonet',55,NULL,51,'Verdun',8,'Nou Barris',8042,'BARCELONA',1,NULL),(1031123107,NULL,NULL,350308,'C València',76,NULL,9,'la Nova Esquerra de l\'Eixample',2,'Eixample',8015,'BARCELONA',1,NULL),(1047164651,NULL,NULL,238400,'Padilla',395,NULL,33,'el Baix Guinardó',7,'Horta-Guinardó',8025,'BARCELONA',1,NULL),(1066143504,NULL,NULL,169409,'Gran Via de les Corts Catalanes',585,NULL,8,'l\'Antiga Esquerra de l\'Eixample',2,'Eixample',8007,'Barcelona',1,NULL),(1066154523,NULL,NULL,21601,'C Arcs',1,NULL,2,'el Barri Gòtic',1,'Ciutat Vella',8002,'BARCELONA',1,NULL),(1079155038,NULL,NULL,37350,'Av J V Foix',55,NULL,23,'Sarrià',5,'Sarrià-Sant Gervasi',8013,'BARCELONA',1,NULL),(1081085606,NULL,NULL,238400,'C Padilla',155,NULL,5,'el Fort Pienc',2,'Eixample',8013,'BARCELONA',1,NULL),(1081092719,NULL,NULL,361406,'Carrer de Viladomat',2,8,10,'Sant Antoni',2,'Eixample',8015,'Barcelona',1,NULL),(1081094422,NULL,NULL,700685,'Pl Margarida Xirgu',6,NULL,11,'el Poble-sec',3,'Sants-Montjuïc',8004,'BARCELONA',1,NULL),(1087135420,NULL,NULL,66508,'G.V. Carles III',64,NULL,19,'les Corts',4,'Les Corts',8028,'BARCELONA',1,NULL),(1096153925,NULL,NULL,228600,'C Noguera Pallaresa',59,NULL,16,'la Bordeta',3,'Sants-Montjuïc',8014,'BARCELONA',1,NULL),(1108125936,NULL,NULL,32051,'Baldiri Reixac',4,NULL,20,'la Maternitat i Sant Ramon',4,'Les Corts',8028,'BARCELONA',1,NULL),(1117105643,NULL,NULL,297001,'Sant Antoni Maria Claret',167,NULL,35,'el Guinardó',7,'Horta-Guinardó',8025,'BARCELONA',1,NULL),(1120100705,NULL,NULL,110803,'Entença',297,NULL,19,'les Corts',4,'Les Corts',8029,'BARCELONA',1,NULL),(1120114225,NULL,NULL,50803,'Carrer de Buenaventura Muñoz',11,11,66,'el Parc i la Llacuna del Poblenou',10,'Sant Martí',8018,'Barcelona',1,NULL),(1124101755,NULL,NULL,369601,'Riego',5,NULL,18,'Sants',3,'Sants-Montjuïc',8014,'BARCELONA',1,NULL),(1124102211,NULL,NULL,231502,'Numància',98,NULL,19,'les Corts',4,'Les Corts',8029,'BARCELONA',1,NULL),(1128203753,NULL,NULL,71600,'Casp',35,NULL,7,'la Dreta de l\'Eixample',2,'Eixample',8010,'BARCELONA',1,NULL),(1129162618,NULL,NULL,312400,'C Sants',136,NULL,18,'Sants',3,'Sants-Montjuïc',8028,'BARCELONA',1,NULL),(1129172445,NULL,NULL,54509,'Calàbria',129,NULL,9,'la Nova Esquerra de l\'Eixample',2,'Eixample',8015,'BARCELONA',1,NULL),(1130120543,NULL,NULL,191204,'Mallorca',606,NULL,64,'el Camp de l\'Arpa del Clot',10,'Sant Martí',8026,'BARCELONA',1,NULL),(1130165632,NULL,NULL,30602,'Badal',98,NULL,16,'la Bordeta',3,'Sants-Montjuïc',8014,'BARCELONA',1,NULL),(1130165650,NULL,NULL,175478,'K Zona Franca',2,NULL,12,'la Marina del Prat Vermell',3,'Sants-Montjuïc',8040,'BARCELONA',1,NULL),(1130173252,NULL,NULL,175478,'K Zona Franca',2,NULL,12,'la Marina del Prat Vermell',3,'Sants-Montjuïc',8040,'BARCELONA',1,NULL),(1130174144,NULL,NULL,175478,'K Zona Franca',2,NULL,12,'la Marina del Prat Vermell',3,'Sants-Montjuïc',8040,'BARCELONA',1,NULL),(1130174523,NULL,NULL,175478,'K Zona Franca',2,NULL,12,'la Marina del Prat Vermell',3,'Sants-Montjuïc',8040,'BARCELONA',1,NULL),(1130210851,NULL,NULL,333604,'C Tinent Coronel Valenzuela',1,NULL,21,'Pedralbes',4,'Les Corts',8034,'BARCELONA',1,NULL),(1131123715,NULL,NULL,361406,'Viladomat',174,NULL,9,'la Nova Esquerra de l\'Eixample',2,'Eixample',8015,'BARCELONA',1,NULL),(1144092409,NULL,NULL,0,NULL,NULL,NULL,0,NULL,0,NULL,NULL,'BARCELONA',1,NULL),(1145134519,NULL,NULL,97807,'C Dante Alighieri',49,NULL,43,'Horta',7,'Horta-Guinardó',8032,'BARCELONA',1,NULL),(1148140537,NULL,NULL,42306,'C Bilbao',212,NULL,65,'el Clot',10,'Sant Martí',8018,'BARCELONA',1,NULL),(1163134419,NULL,NULL,88001,'Comtes de Bell-lloc',144,NULL,19,'les Corts',4,'Les Corts',8014,'BARCELONA',1,NULL),(1166124831,NULL,NULL,197903,'Passeig Marítim de la Barceloneta - Oriol Bohigas',37,NULL,3,'la Barceloneta',1,'Ciutat Vella',8003,'Barcelona',1,NULL),(1183105439,NULL,NULL,126803,'Ptge Flaugier',49,NULL,35,'el Guinardó',7,'Horta-Guinardó',8041,'BARCELONA',1,NULL),(1263121555,NULL,NULL,228100,'C Nil Fabra',5,NULL,31,'la Vila de Gràcia',6,'Gràcia',8012,'BARCELONA',1,NULL),(1281135009,NULL,NULL,66508,'G.V. Carles III',17,NULL,20,'la Maternitat i Sant Ramon',4,'Les Corts',8028,'BARCELONA',1,NULL),(1299090907,NULL,NULL,110803,'C Entença',100,NULL,9,'la Nova Esquerra de l\'Eixample',2,'Eixample',8015,'BARCELONA',1,NULL),(1302102942,NULL,NULL,50100,'C Brussel.les',34,NULL,35,'el Guinardó',7,'Horta-Guinardó',8041,'BARCELONA',1,NULL),(1302110725,NULL,NULL,169409,'Gran Via de les Corts Catalanes',587,589,7,'la Dreta de l\'Eixample',2,'Eixample',8007,'Barcelona',1,NULL),(1318155120,NULL,NULL,170907,'Jota',23,NULL,44,'Vilapicina i la Torre Llobeta',8,'Nou Barris',8016,'BARCELONA',1,NULL),(1330172216,NULL,NULL,700762,'Lluís Solé i Sabarís',1,NULL,20,'la Maternitat i Sant Ramon',4,'Les Corts',8028,'BARCELONA',1,NULL),(2008164453,NULL,NULL,369408,'Passeig de la Zona Franca',54,NULL,12,'la Marina del Prat Vermell',3,'Sants-Montjuïc',8038,'Barcelona',1,NULL),(2008170005,NULL,NULL,700805,'Pl Robert Gerhard',3,NULL,59,'el Bon Pastor',9,'Sant Andreu',8000,'BARCELONA',1,NULL),(2093120653,NULL,NULL,269006,'C Portal Nou',2,NULL,4,'Sant Pere, Santa Caterina i la Ribera',1,'Ciutat Vella',8003,'BARCELONA',1,NULL),(2093120848,NULL,NULL,192502,'C Manso',28,NULL,10,'Sant Antoni',2,'Eixample',8015,'BARCELONA',1,NULL),(2093121443,NULL,NULL,315500,'Pg Santa Eulàlia',18,NULL,23,'Sarrià',5,'Sarrià-Sant Gervasi',8017,'BARCELONA',1,NULL),(2093122108,NULL,NULL,100209,'Deià',12,NULL,45,'Porta',8,'Nou Barris',8016,'BARCELONA',1,NULL),(2093122837,NULL,NULL,169103,'C Jorge Manrique',12,NULL,41,'la Vall d\'Hebron',7,'Horta-Guinardó',8035,'BARCELONA',1,NULL),(2093122931,NULL,NULL,273003,'C Quito',2,NULL,58,'Baró de Viver',9,'Sant Andreu',8030,'BARCELONA',1,NULL),(2093123310,NULL,NULL,701109,'Pl Julio González',14,NULL,68,'el Poblenou',10,'Sant Martí',8005,'BARCELONA',1,NULL),(2093123421,NULL,NULL,75702,'C Carmen Amaya',2,NULL,68,'el Poblenou',10,'Sant Martí',8005,'BARCELONA',1,NULL),(2147483647,NULL,NULL,235208,'C Olzinelles',73,NULL,16,'la Bordeta',3,'Sants-Montjuïc',8014,'BARCELONA',1,NULL);
/*!40000 ALTER TABLE `adreces_backup` ENABLE KEYS */;
UNLOCK TABLES;

--
-- Table structure for table `centres`
--

DROP TABLE IF EXISTS `centres`;
/*!40101 SET @saved_cs_client     = @@character_set_client */;
/*!50503 SET character_set_client = utf8mb4 */;
CREATE TABLE `centres` (
  `register_id` bigint NOT NULL,
  `name` text,
  `institution_id` text,
  `institution_name` text,
  `created` timestamp NULL DEFAULT NULL,
  `modified` timestamp NULL DEFAULT NULL,
  PRIMARY KEY (`register_id`)
) ENGINE=InnoDB DEFAULT CHARSET=utf8mb4 COLLATE=utf8mb4_0900_ai_ci;
/*!40101 SET character_set_client = @saved_cs_client */;

--
-- Dumping data for table `centres`
--

LOCK TABLES `centres` WRITE;
/*!40000 ALTER TABLE `centres` DISABLE KEYS */;
INSERT INTO `centres` VALUES (12134410,'Centre Educatiu Amor de Dios','','','2000-01-11 23:00:00','2025-03-14 07:58:32'),(13125154,'Centre de Joves i Adults','75990359550','Fundació Pia Autònoma Agrupació Cultural i Social','2000-01-12 23:00:00','2021-04-08 08:36:55'),(19112356,'Llar d\'Infants Els Gegants','','','2000-01-18 23:00:00','2021-01-26 11:35:59'),(19181742,'Llar d\'Infants  Pandy de Sant Marc','','','2000-01-18 23:00:00','2023-03-07 09:29:34'),(24085910,'Institut Lluís Vives','','','2000-01-23 23:00:00','2025-03-11 13:18:13'),(27091235,'Associació Esportiva i Cultural Maristes Sants-Les Corts','75990131184','Centre Educatiu Maristes Sants - Les Corts','2000-01-26 23:00:00','2023-03-09 14:23:30'),(27113254,'Escola de Música Sant Josep','','','2000-01-26 23:00:00','2018-02-27 13:20:56'),(33141645,'Escola Oficial Patinatge en Línia','','','2000-02-01 23:00:00','2023-07-03 07:47:55'),(47193230,'Escola de postres de Restaurant','99298125834','Restaurant de Postres Essence Espai Sucre *Tancat','2000-02-15 23:00:00','2024-04-08 09:47:08'),(55163531,'Centre Formació Ocupacional *Perez Pulgar','92086030480','Fundació Privada Trinijove','2000-02-23 23:00:00','2025-04-15 14:41:47'),(55163949,'Centre Formació Ocupacional *Ctra Ribes','92086030480','Fundació Privada Trinijove','2000-02-23 23:00:00','2025-04-15 14:44:01'),(67171128,'Instituto Dietética y Nutrición S.A.','','','2000-03-06 23:00:00','2012-03-02 12:45:28'),(68155924,'Equip de Seguretat per a la Coordinació d\'Emergències en Xarxes Telemàtiques','','','2000-03-07 23:00:00','2025-04-15 14:40:10'),(74093138,'Centre Educatiu Sant Antoni Maria Claret','','','2000-03-13 23:00:00','2019-09-27 10:04:56'),(81131048,'Autoescola Travessera *Galileu','','','2000-03-20 23:00:00','2021-02-04 12:04:50'),(90181404,'Turisvia - Escuela de Formación Turística','','','2000-03-29 22:00:00','2012-03-02 12:48:22'),(130115232,'Fundació Èxit','','','2000-05-08 22:00:00','2024-01-16 13:30:59'),(150121418,'Institut Hospital del Mar d\'Investigacions Mèdiques','','','2000-05-28 22:00:00','2024-11-19 16:28:13'),(157183430,'EÒLIA Centre Superior d\'Art Dramàtic','','','2000-06-04 22:00:00','2025-06-17 12:43:23'),(159161004,'Escola Pardo','','','2000-06-06 22:00:00','2025-04-15 14:41:48'),(172133754,'Escola de Música Musicant','','','2000-06-19 22:00:00','2018-02-27 13:14:53'),(172133951,'Escola d\'Adults ACIDH','75990282616','Associació Catalana per la Integració i el Desenvolupament Humà','2000-06-19 22:00:00','2016-02-26 13:35:42'),(175135643,'Youkali, Escola de Teatre Musical de Barcelona, S.L.','','','2000-06-22 22:00:00','2023-03-22 10:06:05'),(196095943,'Escola de Quiromassatge Amacvi','','','2000-07-13 22:00:00','2012-01-30 11:22:34'),(199193656,'Jam Session Escola de Música','','','2000-07-16 22:00:00','2016-03-21 10:20:09'),(242175141,'Idiomes Tarradellas','','','2000-08-28 22:00:00','2023-01-20 13:16:14'),(251193419,'Tegma Cultural','','','2000-09-06 22:00:00','2025-04-15 14:38:34'),(266121351,'Institut d\'Educació Secundària i Artística','92086011642','Institut del Teatre','2000-09-21 22:00:00','2025-03-11 13:05:22'),(301181529,'Institut de Recerca CEPBA-IBM','','','2000-10-26 22:00:00','2011-05-26 14:13:09'),(312180049,'Centre de Tecnologies i Aplicacions del Llenguatge i la Parla','','','2000-11-06 23:00:00','2023-01-19 08:53:47'),(322114546,'Facultat de Ciències de la Salut i de la Vida - UPF','','','2000-11-16 23:00:00','2024-11-19 16:21:24'),(333091852,'Escola d\'Enginyeria *Campus de la Comunicació-Poblenou - UPF','','','2000-11-27 23:00:00','2024-11-19 16:18:27'),(353183830,'Artípolis - Mostra de Teatre Barcelona','','','2000-12-17 23:00:00','2023-11-20 15:40:11'),(354173408,'Escola Politècnica Superior d\'Edificació de Barcelona - UPC','','','2000-12-18 23:00:00','2024-11-19 16:18:52'),(354174913,'Escola','92086014674','Col·legi de Censors Jurats de Comptes de Catalunya','2000-12-18 23:00:00','2006-10-10 09:54:55'),(355134317,'Universitat Internacional de Catalunya','','','2000-12-19 23:00:00','2024-05-23 10:49:15'),(355134447,'Rectorat','355134317','Universitat Internacional de Catalunya','2000-12-19 23:00:00','2023-02-01 16:03:06'),(355142528,'Rectorat','94279121655','Universitat Oberta de Catalunya','2000-12-19 23:00:00','2023-02-01 16:03:06'),(356094623,'Rectorat i Serveis Centrals','92086034264','Universitat Ramon Llull','2000-12-20 23:00:00','2024-11-19 16:37:49'),(356131233,'Rectorat','92168177309','Universitat Pompeu Fabra','2000-12-20 23:00:00','2023-03-03 14:11:29'),(362103839,'Centre d\'Autoformació Freire','92168165158','Centre de Formació de Persones Adultes Freire','2000-12-26 23:00:00','2005-07-12 07:29:05'),(1031123107,'Centre d\'Ensenyament Master-D','','','2001-01-30 23:00:00','2019-10-10 12:25:17'),(1047164651,'Tecniber-5','','','2001-02-15 23:00:00','2012-03-15 11:13:18'),(1066143504,'Institut de Matemàtica','','','2001-03-06 23:00:00','2024-05-22 10:16:36'),(1066154523,'Escola Sert','92086000953','Col·legi d\'Arquitectes de Catalunya','2001-03-06 23:00:00','2023-01-20 11:58:56'),(1079155038,'Escola Municipal de Música  Can Ponsic','','','2001-03-19 23:00:00','2025-03-10 07:40:04'),(1081085606,'Escola Superior de Música de Catalunya','','','2001-03-21 23:00:00','2024-05-27 08:34:56'),(1081092719,'Escola Ferran Sunyer','','','2001-03-21 23:00:00','2025-03-12 13:38:11'),(1081094422,'Conservatori Superior de Dansa','92086011642','Institut del Teatre','2001-03-21 23:00:00','2017-06-13 06:43:55'),(1087135420,'Escuela Superior de Medicina Tradicional China','75990678489','Clínica Guang An Men de Medicina Tradicional Xinesa','2001-03-27 22:00:00','2023-10-03 08:46:03'),(1096153925,'Centre Estudis Naturopatia Naima','','','2001-04-05 22:00:00','2007-10-09 10:30:45'),(1108125936,'Grup d\'Estudi i Conservació dels Mamifers Marins','92086002081','Facultat de Biologia - UB','2001-04-17 22:00:00','2006-05-03 09:52:48'),(1117105643,'Escola Universitària d\'Infermeria - UAB','92086003435','Hospital de la Santa Creu i Sant Pau','2001-04-26 22:00:00','2024-05-24 12:56:40'),(1120100705,'Esc. Amano Juk','75990336559','Centre Japonès Amano Juk','2001-04-29 22:00:00','2023-10-03 08:46:03'),(1120114225,'Escola Stick Art Studio','','','2001-04-29 22:00:00','2021-09-23 10:21:46'),(1124101755,'L\'Aula Sants Formació','','','2001-05-03 22:00:00','2012-03-01 16:02:14'),(1124102211,'La Acadèmia de les Corts','','','2001-05-03 22:00:00','2012-03-05 12:49:11'),(1128203753,'Escola Estusel','','','2001-05-07 22:00:00','2025-04-15 14:44:01'),(1129162618,'Master School of English *Sants','','','2001-05-08 22:00:00','2023-01-20 13:11:02'),(1129172445,'Escola MK3 *Calàbria','','','2001-05-08 22:00:00','2023-02-16 08:58:05'),(1130120543,'Editorial Censana','75990334090','Escuela Censana','2001-05-09 22:00:00','2023-10-03 08:46:02'),(1130165632,'Centre de disseny artístic i industrial de Catalunya','75990562879','Federació Espanyola d\'Empreses de Multimèdia','2001-05-09 22:00:00','2023-10-03 08:46:02'),(1130165650,'Esc. Peixateria','75990136598','Mercados de Abastecimientos de Barcelona, S.A.','2001-05-09 22:00:00','2025-04-15 14:43:45'),(1130173252,'Esc. Carnisseria','75990136598','Mercados de Abastecimientos de Barcelona, S.A.','2001-05-09 22:00:00','2023-10-03 08:46:02'),(1130174144,'Esc. Xarcuteria','75990136598','Mercados de Abastecimientos de Barcelona, S.A.','2001-05-09 22:00:00','2023-10-03 08:46:02'),(1130174523,'Esc. Verduleria','75990136598','Mercados de Abastecimientos de Barcelona, S.A.','2001-05-09 22:00:00','2023-10-03 08:46:02'),(1130210851,'Institut d\'Economia de Barcelona','','','2001-05-09 22:00:00','2011-06-29 11:09:00'),(1131123715,'Escola Àrea de Formació','92086009686','Pimec: Micro, Petita i Mitjana Empresa de Catalunya','2001-05-10 22:00:00','2015-11-13 07:55:04'),(1144092409,'Escola de Parapent','92086026526','Club Parapente Pirenaic','2001-05-23 22:00:00','2025-04-15 14:38:45'),(1145134519,'Merin\'s Escola de Formació Professional, S.L.','','','2001-05-24 22:00:00','2014-04-11 14:59:28'),(1148140537,'Grallers i Timbalers','92086011216','Castellers de Barcelona','2001-05-27 22:00:00','2023-10-19 08:42:16'),(1163134419,'BCN Formació','','','2001-06-11 22:00:00','2025-04-15 14:44:01'),(1166124831,'Institut Ciències del Mar','1166123959','Centre Mediterrani d\'Investigacions Marines i Ambientals','2001-06-14 22:00:00','2024-11-19 16:15:55'),(1183105439,'Centre d\'Estudis Cinematogràfics de Catalunya','','','2001-07-01 22:00:00','2023-02-15 11:41:32'),(1263121555,'Escola de Dansa Ramon Solé','','','2001-09-19 22:00:00','2014-03-18 09:04:26'),(1281135009,'Servicios Técnicos de Apoyo y Formativos','','','2001-10-07 22:00:00','2012-03-05 13:19:13'),(1299090907,'Llar d\'Infants Xiulet','','','2001-10-25 22:00:00','2016-10-24 12:05:53'),(1302102942,'Centre de Recursos de l\'Espai','92168150630','Planetari Municipal de Barcelona','2001-10-28 23:00:00','2022-10-21 10:31:25'),(1302110725,'Fundació Institut Universitari per a la recerca a l\'Atenció Primària de Salut Jordi Gol i Gurina','','','2001-10-28 23:00:00','2025-06-05 06:06:04'),(1318155120,'System Centres de Formació - Fabra i Puig','','','2001-11-13 23:00:00','2025-04-15 14:42:33'),(1330172216,'Observatori del Tibet i l\'Àsia Central','','','2001-11-25 23:00:00','2023-01-26 12:22:48'),(2008164453,'Espai Familiar de Criança Municipal Socioeducatiu La Casa dels Colors','','','2002-01-07 23:00:00','2025-06-23 09:38:26'),(2008170005,'Servei Complementari d\'Educació Infantil Bon Pastor','92086029928','Centre Cívic del Bon Pastor','2002-01-07 23:00:00','2022-03-11 13:20:47'),(2093120653,'Escola Bressol Municipal Portal Nou','','','2002-04-02 22:00:00','2020-07-22 06:53:51'),(2093120848,'Escola Bressol Municipal Els Tres Tombs','','','2002-04-02 22:00:00','2020-07-21 10:13:51'),(2093121443,'Escola Bressol Municipal L\'Oreneta','','','2002-04-02 22:00:00','2025-03-11 12:12:17'),(2093122108,'Escola Bressol Municipal Ciutat de Mallorca','','','2002-04-02 22:00:00','2022-11-16 16:25:18'),(2093122837,'Escola Bressol Municipal L\'Arquet','','','2002-04-02 22:00:00','2020-07-21 15:18:11'),(2093122931,'Escola Bressol Municipal El Caminet del Besòs','','','2002-04-02 22:00:00','2020-07-21 10:16:39'),(2093123310,'Escola Bressol Municipal El Xalet de la Paperera','','','2002-04-02 22:00:00','2021-07-12 15:41:20'),(2093123421,'Escola Bressol Municipal La Mar Xica','','','2002-04-02 22:00:00','2020-07-21 15:15:47'),(2147483647,'Centre de Recursos Educatius per a  Deficients Auditius Pere Barnils','','','1991-07-04 22:00:00','2019-01-10 10:23:37');
/*!40000 ALTER TABLE `centres` ENABLE KEYS */;
UNLOCK TABLES;

--
-- Table structure for table `centres_backup`
--

DROP TABLE IF EXISTS `centres_backup`;
/*!40101 SET @saved_cs_client     = @@character_set_client */;
/*!50503 SET character_set_client = utf8mb4 */;
CREATE TABLE `centres_backup` (
  `register_id` int DEFAULT NULL,
  `name` text,
  `institution_id` int DEFAULT NULL,
  `institution_name` text,
  `created` text,
  `modified` text
) ENGINE=InnoDB DEFAULT CHARSET=utf8mb4 COLLATE=utf8mb4_0900_ai_ci;
/*!40101 SET character_set_client = @saved_cs_client */;

--
-- Dumping data for table `centres_backup`
--

LOCK TABLES `centres_backup` WRITE;
/*!40000 ALTER TABLE `centres_backup` DISABLE KEYS */;
INSERT INTO `centres_backup` VALUES (12134410,'Centre Educatiu Amor de Dios',NULL,NULL,'2000-01-12 00:00:00','2025-03-14 08:58:32'),(1,'1',1,'1','1','1');
/*!40000 ALTER TABLE `centres_backup` ENABLE KEYS */;
UNLOCK TABLES;

--
-- Table structure for table `dates_estimades`
--

DROP TABLE IF EXISTS `dates_estimades`;
/*!40101 SET @saved_cs_client     = @@character_set_client */;
/*!50503 SET character_set_client = utf8mb4 */;
CREATE TABLE `dates_estimades` (
  `register_id` bigint NOT NULL,
  `estimated_dates` text,
  `start_date` date DEFAULT NULL,
  `end_date` date DEFAULT NULL,
  `timetable` text,
  PRIMARY KEY (`register_id`)
) ENGINE=InnoDB DEFAULT CHARSET=utf8mb4 COLLATE=utf8mb4_0900_ai_ci;
/*!40101 SET character_set_client = @saved_cs_client */;

--
-- Dumping data for table `dates_estimades`
--

LOCK TABLES `dates_estimades` WRITE;
/*!40000 ALTER TABLE `dates_estimades` DISABLE KEYS */;
INSERT INTO `dates_estimades` VALUES (12134410,'',NULL,NULL,'\r'),(13125154,'',NULL,NULL,'\r'),(19112356,'',NULL,NULL,'\r'),(19181742,'',NULL,NULL,'\r'),(24085910,'',NULL,NULL,'\r'),(27091235,'',NULL,NULL,'\r'),(27113254,'',NULL,NULL,'\r'),(33141645,'',NULL,NULL,'\r'),(47193230,'',NULL,NULL,'\r'),(55163531,'',NULL,NULL,'\r'),(55163949,'',NULL,NULL,'\r'),(67171128,'',NULL,NULL,'\r'),(68155924,'',NULL,NULL,'\r'),(74093138,'',NULL,NULL,'\r'),(81131048,'',NULL,NULL,'\r'),(90181404,'',NULL,NULL,'\r'),(130115232,'',NULL,NULL,'\r'),(150121418,'',NULL,NULL,'\r'),(157183430,'',NULL,NULL,'\r'),(159161004,'',NULL,NULL,'\r'),(172133754,'',NULL,NULL,'\r'),(172133951,'',NULL,NULL,'\r'),(175135643,'',NULL,NULL,'\r'),(196095943,'',NULL,NULL,'\r'),(199193656,'',NULL,NULL,'\r'),(242175141,'',NULL,NULL,'\r'),(251193419,'',NULL,NULL,'\r'),(266121351,'',NULL,NULL,'\r'),(301181529,'',NULL,NULL,'\r'),(312180049,'',NULL,NULL,'\r'),(322114546,'',NULL,NULL,'\r'),(333091852,'',NULL,NULL,'\r'),(353183830,'',NULL,NULL,'\r'),(354173408,'',NULL,NULL,'\r'),(354174913,'',NULL,NULL,'\r'),(355134317,'',NULL,NULL,'\r'),(355134447,'',NULL,NULL,'\r'),(355142528,'',NULL,NULL,'\r'),(356094623,'',NULL,NULL,'\r'),(356131233,'',NULL,NULL,'\r'),(362103839,'',NULL,NULL,'\r'),(1031123107,'',NULL,NULL,'\r'),(1047164651,'',NULL,NULL,'\r'),(1066143504,'',NULL,NULL,'\r'),(1066154523,'',NULL,NULL,'\r'),(1079155038,'',NULL,NULL,'\r'),(1081085606,'',NULL,NULL,'\r'),(1081092719,'',NULL,NULL,'\r'),(1081094422,'',NULL,NULL,'\r'),(1087135420,'',NULL,NULL,'\r'),(1096153925,'',NULL,NULL,'\r'),(1108125936,'',NULL,NULL,'\r'),(1117105643,'',NULL,NULL,'\r'),(1120100705,'',NULL,NULL,'\r'),(1120114225,'',NULL,NULL,'\r'),(1124101755,'',NULL,NULL,'\r'),(1124102211,'',NULL,NULL,'\r'),(1128203753,'',NULL,NULL,'\r'),(1129162618,'',NULL,NULL,'\r'),(1129172445,'',NULL,NULL,'\r'),(1130120543,'',NULL,NULL,'\r'),(1130165632,'',NULL,NULL,'\r'),(1130165650,'',NULL,NULL,'\r'),(1130173252,'',NULL,NULL,'\r'),(1130174144,'',NULL,NULL,'\r'),(1130174523,'',NULL,NULL,'\r'),(1130210851,'',NULL,NULL,'\r'),(1131123715,'',NULL,NULL,'\r'),(1144092409,'',NULL,NULL,'\r'),(1145134519,'',NULL,NULL,'\r'),(1148140537,'',NULL,NULL,'\r'),(1163134419,'',NULL,NULL,'\r'),(1166124831,'',NULL,NULL,'\r'),(1183105439,'',NULL,NULL,'\r'),(1263121555,'',NULL,NULL,'\r'),(1281135009,'',NULL,NULL,'\r'),(1299090907,'',NULL,NULL,'\r'),(1302102942,'',NULL,NULL,'\r'),(1302110725,'',NULL,NULL,'\r'),(1318155120,'',NULL,NULL,'\r'),(1330172216,'',NULL,NULL,'\r'),(2008164453,'',NULL,NULL,'\r'),(2008170005,'',NULL,NULL,'\r'),(2093120653,'',NULL,NULL,'\r'),(2093120848,'',NULL,NULL,'\r'),(2093121443,'',NULL,NULL,'\r'),(2093122108,'',NULL,NULL,'\r'),(2093122837,'',NULL,NULL,'\r'),(2093122931,'',NULL,NULL,'\r'),(2093123310,'',NULL,NULL,'\r'),(2093123421,'',NULL,NULL,'\r'),(2147483647,'',NULL,NULL,'\r');
/*!40000 ALTER TABLE `dates_estimades` ENABLE KEYS */;
UNLOCK TABLES;

--
-- Table structure for table `filtres`
--

DROP TABLE IF EXISTS `filtres`;
/*!40101 SET @saved_cs_client     = @@character_set_client */;
/*!50503 SET character_set_client = utf8mb4 */;
CREATE TABLE `filtres` (
  `register_id` bigint DEFAULT NULL,
  `filter_id` bigint DEFAULT NULL,
  `filter_name` text,
  `fullpath` text,
  `tree_id` text,
  `asia_id` text
) ENGINE=InnoDB DEFAULT CHARSET=utf8mb4 COLLATE=utf8mb4_0900_ai_ci;
/*!40101 SET character_set_client = @saved_cs_client */;

--
-- Dumping data for table `filtres`
--

LOCK TABLES `filtres` WRITE;
/*!40000 ALTER TABLE `filtres` DISABLE KEYS */;
INSERT INTO `filtres` VALUES (12134410,56731068,'Ensenyament infantil (0-3 anys)','Planol BCN >> Educació >> Ensenyament infantil >> Ensenyament infantil (0-3 anys)','651','0065103003000000'),(13125154,56733069,'Idiomes','Planol BCN >> Educació >> Ensenyament no reglat >> Idiomes','651','0065103003002001'),(19112356,56731068,'Ensenyament infantil (0-3 anys)','Planol BCN >> Educació >> Ensenyament infantil >> Ensenyament infantil (0-3 anys)','651','0065103003000000'),(19181742,56731068,'Ensenyament infantil (0-3 anys)','Planol BCN >> Educació >> Ensenyament infantil >> Ensenyament infantil (0-3 anys)','651','0065103003000000'),(24085910,56732069,'Educació secundària','Planol BCN >> Educació >> Ensenyament reglat >> Educació secundària','651','0065103003001001'),(27091235,0,'','','',''),(27113254,56732070,'Música','Planol BCN >> Educació >> Ensenyament reglat >> Música','651','0065103003001002'),(33141645,0,'','','',''),(47193230,0,'','','',''),(55163531,0,'','','',''),(55163949,0,'','','',''),(67171128,0,'','','',''),(68155924,56732071,'Universitats','Planol BCN >> Educació >> Ensenyament reglat >> Universitats','651','0065103003001003'),(74093138,56732073,'Formació professional','Planol BCN >> Educació >> Ensenyament reglat >> Formació professional','651','0065103003001005'),(81131048,0,'','','',''),(90181404,0,'','','',''),(130115232,0,'','','',''),(150121418,56732071,'Universitats','Planol BCN >> Educació >> Ensenyament reglat >> Universitats','651','0065103003001003'),(157183430,0,'','','',''),(159161004,0,'','','',''),(172133754,56732070,'Música','Planol BCN >> Educació >> Ensenyament reglat >> Música','651','0065103003001002'),(172133951,56733068,'Adults','Planol BCN >> Educació >> Ensenyament no reglat >> Adults','651','0065103003002000'),(175135643,0,'','','',''),(196095943,0,'','','',''),(199193656,56732070,'Música','Planol BCN >> Educació >> Ensenyament reglat >> Música','651','0065103003001002'),(242175141,56733069,'Idiomes','Planol BCN >> Educació >> Ensenyament no reglat >> Idiomes','651','0065103003002001'),(251193419,0,'','','',''),(266121351,56732069,'Educació secundària','Planol BCN >> Educació >> Ensenyament reglat >> Educació secundària','651','0065103003001001'),(301181529,56732071,'Universitats','Planol BCN >> Educació >> Ensenyament reglat >> Universitats','651','0065103003001003'),(312180049,56732071,'Universitats','Planol BCN >> Educació >> Ensenyament reglat >> Universitats','651','0065103003001003'),(322114546,56732071,'Universitats','Planol BCN >> Educació >> Ensenyament reglat >> Universitats','651','0065103003001003'),(333091852,56732071,'Universitats','Planol BCN >> Educació >> Ensenyament reglat >> Universitats','651','0065103003001003'),(353183830,0,'','','',''),(354173408,55731073,'Sales d\'estudi','Planol BCN >> Cultura i lleure >> Biblioteques i museus >> Sales d\'estudi','651','0065103002000005'),(354174913,56732071,'Universitats','Planol BCN >> Educació >> Ensenyament reglat >> Universitats','651','0065103003001003'),(355134317,56732071,'Universitats','Planol BCN >> Educació >> Ensenyament reglat >> Universitats','651','0065103003001003'),(355134447,56732071,'Universitats','Planol BCN >> Educació >> Ensenyament reglat >> Universitats','651','0065103003001003'),(355142528,56732071,'Universitats','Planol BCN >> Educació >> Ensenyament reglat >> Universitats','651','0065103003001003'),(356094623,56732071,'Universitats','Planol BCN >> Educació >> Ensenyament reglat >> Universitats','651','0065103003001003'),(356131233,56732071,'Universitats','Planol BCN >> Educació >> Ensenyament reglat >> Universitats','651','0065103003001003'),(362103839,56733068,'Adults','Planol BCN >> Educació >> Ensenyament no reglat >> Adults','651','0065103003002000'),(1031123107,0,'','','',''),(1047164651,56733069,'Idiomes','Planol BCN >> Educació >> Ensenyament no reglat >> Idiomes','651','0065103003002001'),(1066143504,56732071,'Universitats','Planol BCN >> Educació >> Ensenyament reglat >> Universitats','651','0065103003001003'),(1066154523,0,'','','',''),(1079155038,56732070,'Música','Planol BCN >> Educació >> Ensenyament reglat >> Música','651','0065103003001002'),(1081085606,56732070,'Música','Planol BCN >> Educació >> Ensenyament reglat >> Música','651','0065103003001002'),(1081092719,56731069,'Ensenyament infantil (3-6 anys)','Planol BCN >> Educació >> Ensenyament infantil >> Ensenyament infantil (3-6 anys)','651','0065103003000001'),(1081094422,0,'','','',''),(1087135420,0,'','','',''),(1096153925,0,'','','',''),(1108125936,56732071,'Universitats','Planol BCN >> Educació >> Ensenyament reglat >> Universitats','651','0065103003001003'),(1117105643,56732071,'Universitats','Planol BCN >> Educació >> Ensenyament reglat >> Universitats','651','0065103003001003'),(1120100705,56733069,'Idiomes','Planol BCN >> Educació >> Ensenyament no reglat >> Idiomes','651','0065103003002001'),(1120114225,0,'','','',''),(1124101755,56733069,'Idiomes','Planol BCN >> Educació >> Ensenyament no reglat >> Idiomes','651','0065103003002001'),(1124102211,56733069,'Idiomes','Planol BCN >> Educació >> Ensenyament no reglat >> Idiomes','651','0065103003002001'),(1128203753,0,'','','',''),(1129162618,56733069,'Idiomes','Planol BCN >> Educació >> Ensenyament no reglat >> Idiomes','651','0065103003002001'),(1129172445,0,'','','',''),(1130120543,0,'','','',''),(1130165632,56733070,'Informàtica','Planol BCN >> Educació >> Ensenyament no reglat >> Informàtica','651','0065103003002002'),(1130165650,0,'','','',''),(1130173252,0,'','','',''),(1130174144,0,'','','',''),(1130174523,0,'','','',''),(1130210851,56732071,'Universitats','Planol BCN >> Educació >> Ensenyament reglat >> Universitats','651','0065103003001003'),(1131123715,56733070,'Informàtica','Planol BCN >> Educació >> Ensenyament no reglat >> Informàtica','651','0065103003002002'),(1144092409,0,'','','',''),(1145134519,0,'','','',''),(1148140537,0,'','','',''),(1163134419,0,'','','',''),(1166124831,0,'','','',''),(1183105439,0,'','','',''),(1263121555,0,'','','',''),(1281135009,0,'','','',''),(1299090907,56731068,'Ensenyament infantil (0-3 anys)','Planol BCN >> Educació >> Ensenyament infantil >> Ensenyament infantil (0-3 anys)','651','0065103003000000'),(1302102942,0,'','','',''),(1302110725,0,'','','',''),(1318155120,56733070,'Informàtica','Planol BCN >> Educació >> Ensenyament no reglat >> Informàtica','651','0065103003002002'),(1330172216,56732071,'Universitats','Planol BCN >> Educació >> Ensenyament reglat >> Universitats','651','0065103003001003'),(2008164453,0,'','','',''),(2008170005,0,'','','',''),(2093120653,56731068,'Ensenyament infantil (0-3 anys)','Planol BCN >> Educació >> Ensenyament infantil >> Ensenyament infantil (0-3 anys)','651','0065103003000000'),(2093120848,56731068,'Ensenyament infantil (0-3 anys)','Planol BCN >> Educació >> Ensenyament infantil >> Ensenyament infantil (0-3 anys)','651','0065103003000000'),(2093121443,56731068,'Ensenyament infantil (0-3 anys)','Planol BCN >> Educació >> Ensenyament infantil >> Ensenyament infantil (0-3 anys)','651','0065103003000000'),(2093122108,56731068,'Ensenyament infantil (0-3 anys)','Planol BCN >> Educació >> Ensenyament infantil >> Ensenyament infantil (0-3 anys)','651','0065103003000000'),(2093122837,56731068,'Ensenyament infantil (0-3 anys)','Planol BCN >> Educació >> Ensenyament infantil >> Ensenyament infantil (0-3 anys)','651','0065103003000000'),(2093122931,56731068,'Ensenyament infantil (0-3 anys)','Planol BCN >> Educació >> Ensenyament infantil >> Ensenyament infantil (0-3 anys)','651','0065103003000000'),(2093123310,56731068,'Ensenyament infantil (0-3 anys)','Planol BCN >> Educació >> Ensenyament infantil >> Ensenyament infantil (0-3 anys)','651','0065103003000000'),(2093123421,56731068,'Ensenyament infantil (0-3 anys)','Planol BCN >> Educació >> Ensenyament infantil >> Ensenyament infantil (0-3 anys)','651','0065103003000000'),(2147483647,0,'','','','');
/*!40000 ALTER TABLE `filtres` ENABLE KEYS */;
UNLOCK TABLES;

--
-- Table structure for table `geolocalitzacio`
--

DROP TABLE IF EXISTS `geolocalitzacio`;
/*!40101 SET @saved_cs_client     = @@character_set_client */;
/*!50503 SET character_set_client = utf8mb4 */;
CREATE TABLE `geolocalitzacio` (
  `register_id` bigint NOT NULL,
  `epgs_25831_x` float DEFAULT NULL,
  `epgs_25831_y` float DEFAULT NULL,
  `epgs_4326_lat` float DEFAULT NULL,
  `epgs_4326_lon` float DEFAULT NULL,
  PRIMARY KEY (`register_id`)
) ENGINE=InnoDB DEFAULT CHARSET=utf8mb4 COLLATE=utf8mb4_0900_ai_ci;
/*!40101 SET character_set_client = @saved_cs_client */;

--
-- Dumping data for table `geolocalitzacio`
--

LOCK TABLES `geolocalitzacio` WRITE;
/*!40000 ALTER TABLE `geolocalitzacio` DISABLE KEYS */;
INSERT INTO `geolocalitzacio` VALUES (12134410,430433,4587040,41.4319,2.16736),(13125154,429483,4584940,41.4129,2.15624),(19112356,428035,4579100,41.3602,2.13962),(19181742,431366,4584390,41.4082,2.17883),(24085910,427084,4580410,41.3719,2.12809),(27091235,427690,4580740,41.3749,2.13529),(27113254,430236,4584080,41.4053,2.16535),(33141645,431779,4582780,41.3937,2.18396),(47193230,431288,4582280,41.3891,2.17814),(55163531,432372,4589520,41.4544,2.19029),(55163949,432325,4589540,41.4546,2.18973),(67171128,430828,4583090,41.3964,2.17254),(68155924,425980,4582200,41.3879,2.11467),(74093138,432097,4585820,41.4211,2.18741),(81131048,427433,4581800,41.3845,2.13209),(90181404,430901,4584530,41.4093,2.17325),(130115232,428775,4583720,41.4019,2.14792),(150121418,432612,4581870,41.3856,2.19402),(157183430,431116,4582740,41.3932,2.17603),(159161004,429747,4582850,41.3941,2.15964),(172133754,431778,4585340,41.4168,2.18365),(172133951,429873,4583730,41.4021,2.16105),(175135643,429833,4583920,41.4037,2.16055),(196095943,430342,4582010,41.3866,2.16686),(199193656,428619,4580410,41.3721,2.14644),(242175141,428395,4582280,41.3888,2.14354),(251193419,428592,4583750,41.4021,2.14572),(266121351,429547,4580330,41.3714,2.15754),(301181529,425980,4582200,41.3879,2.11467),(312180049,425980,4582200,41.3879,2.11467),(322114546,432611,4581680,41.3838,2.19402),(333091852,432593,4583890,41.4037,2.19356),(353183830,430199,4581210,41.3794,2.16524),(354173408,425816,4581740,41.3838,2.11276),(354174913,425826,4582480,41.3904,2.11279),(355134317,426716,4584200,41.406,2.12323),(355134447,426716,4584200,41.406,2.12323),(355142528,427545,4585190,41.415,2.13302),(356094623,427373,4584850,41.4119,2.13101),(356131233,431403,4581180,41.3792,2.17964),(362103839,431164,4588440,41.4446,2.17596),(1031123107,428858,4581500,41.3819,2.14916),(1047164651,430484,4584850,41.4122,2.16823),(1066143504,430106,4582010,41.3866,2.16403),(1066154523,430998,4581760,41.3844,2.17472),(1079155038,426335,4583200,41.3969,2.11879),(1081085606,431885,4583350,41.3988,2.18516),(1081092719,430002,4580790,41.3756,2.16293),(1081094422,429547,4580330,41.3714,2.15754),(1087135420,427080,4581780,41.3842,2.12787),(1096153925,428181,4580550,41.3733,2.14119),(1108125936,426123,4581530,41.3819,2.11646),(1117105643,431114,4584870,41.4124,2.17576),(1120100705,427999,4582270,41.3887,2.1388),(1120114225,431768,4582490,41.3911,2.18386),(1124101755,427943,4580830,41.3758,2.13831),(1124102211,427849,4581960,41.3859,2.13705),(1128203753,430863,4582520,41.3913,2.17303),(1129162618,427589,4580810,41.3756,2.13408),(1129172445,429195,4581400,41.381,2.15321),(1130120543,431940,4584710,41.4111,2.18566),(1130165632,427477,4580260,41.3705,2.1328),(1130165650,425784,4575600,41.3285,2.11313),(1130173252,425784,4575600,41.3285,2.11313),(1130174144,425784,4575600,41.3285,2.11313),(1130174523,425784,4575600,41.3285,2.11313),(1130210851,426094,4582090,41.387,2.11605),(1131123715,429131,4581680,41.3836,2.15241),(1144092409,-80.804,-121.323,-0.00109426,-1.48947),(1145134519,429810,4586650,41.4284,2.15996),(1148140537,432528,4584790,41.4118,2.19269),(1163134419,427778,4581560,41.3823,2.13625),(1166124831,432785,4581880,41.3856,2.19609),(1183105439,431146,4585280,41.4161,2.1761),(1263121555,429040,4584160,41.4058,2.15104),(1281135009,427126,4581360,41.3805,2.12847),(1299090907,428924,4581320,41.3803,2.14998),(1302102942,430626,4585500,41.418,2.16985),(1302110725,430243,4582140,41.3878,2.16565),(1318155120,431692,4586750,41.4294,2.18247),(1330172216,426354,4581930,41.3855,2.11917),(2008164453,428407,4578360,41.3536,2.14415),(2008170005,433574,4587330,41.4348,2.20493),(2093120653,431503,4582180,41.3883,2.18072),(2093120848,429826,4580870,41.3763,2.16081),(2093121443,426055,4584120,41.4053,2.11533),(2093122108,431295,4587150,41.4329,2.17767),(2093122837,429114,4587010,41.4315,2.15158),(2093122931,433151,4588560,41.4458,2.19972),(2093123310,433708,4583580,41.401,2.20694),(2093123421,433428,4582920,41.3951,2.20367),(2147483647,427854,4580360,41.3715,2.1373);
/*!40000 ALTER TABLE `geolocalitzacio` ENABLE KEYS */;
UNLOCK TABLES;

--
-- Table structure for table `users`
--

DROP TABLE IF EXISTS `users`;
/*!40101 SET @saved_cs_client     = @@character_set_client */;
/*!50503 SET character_set_client = utf8mb4 */;
CREATE TABLE `users` (
  `id` int NOT NULL AUTO_INCREMENT,
  `username` varchar(50) NOT NULL,
  `password` varchar(255) NOT NULL,
  `role` enum('admin','user') DEFAULT 'user',
  `created_at` timestamp NULL DEFAULT CURRENT_TIMESTAMP,
  `google_id` varchar(255) DEFAULT NULL,
  `email` varchar(255) DEFAULT NULL,
  `avatar_url` varchar(500) DEFAULT NULL,
  PRIMARY KEY (`id`),
  UNIQUE KEY `username` (`username`),
  UNIQUE KEY `google_id` (`google_id`)
) ENGINE=InnoDB AUTO_INCREMENT=3 DEFAULT CHARSET=utf8mb4 COLLATE=utf8mb4_0900_ai_ci;
/*!40101 SET character_set_client = @saved_cs_client */;

--
-- Dumping data for table `users`
--

LOCK TABLES `users` WRITE;
/*!40000 ALTER TABLE `users` DISABLE KEYS */;
INSERT INTO `users` VALUES (1,'isard','$2y$10$1F4FaKBEfjO21n2hsdoSqOq7EdIpvUioSl4BRTI7oYAyjZRlLxvZG','user','2025-11-17 16:09:39',NULL,NULL,NULL),(2,'alberto.trujillo.7e6','$2y$10$H7yYhDqO3.ZXyuy3jOcrmeUEP17fTplgg2kfgThebSHeBSpDOPhXO','user','2025-11-17 16:36:38','114919305901092414387',NULL,NULL);
/*!40000 ALTER TABLE `users` ENABLE KEYS */;
UNLOCK TABLES;

--
-- Table structure for table `valors`
--

DROP TABLE IF EXISTS `valors`;
/*!40101 SET @saved_cs_client     = @@character_set_client */;
/*!50503 SET character_set_client = utf8mb4 */;
CREATE TABLE `valors` (
  `register_id` bigint DEFAULT NULL,
  `value_id` bigint DEFAULT NULL,
  `attribute_id` bigint DEFAULT NULL,
  `category` text,
  `attribute_name` text,
  `value` text,
  `outstanding` tinyint(1) DEFAULT NULL,
  `description` text
) ENGINE=InnoDB DEFAULT CHARSET=utf8mb4 COLLATE=utf8mb4_0900_ai_ci;
/*!40101 SET character_set_client = @saved_cs_client */;

--
-- Dumping data for table `valors`
--

LOCK TABLES `valors` WRITE;
/*!40000 ALTER TABLE `valors` DISABLE KEYS */;
INSERT INTO `valors` VALUES (12134410,127780,20001,'Telèfons','Tel.','934 293 921',1,''),(13125154,127797,20001,'Telèfons','Tel.','932847931',1,''),(19112356,127867,20001,'Telèfons','Tel.','932964818',1,''),(19181742,127874,20001,'Telèfons','Tel.','933477939',1,''),(24085910,127919,20001,'Telèfons','Tel.','93 431 70 94',1,''),(27091235,127984,20001,'Telèfons','Tel.','933326900',1,''),(27113254,128735,20001,'Telèfons','Tel.','934576011',1,''),(33141645,128114,20001,'Telèfons','Tel.','625 633 389',1,''),(47193230,128427,20001,'Telèfons','Tel.','933 151 022',1,''),(55163531,129104,20001,'Telèfons','Tel.','933111759',1,''),(55163949,129105,20001,'Telèfons','Tel.','933111759',1,''),(67171128,129093,20001,'Telèfons','Tel.','902220031',1,''),(68155924,129249,20001,'Telèfons','Tel.','934015795',1,''),(74093138,129274,20001,'Telèfons','Tel.','933497566',1,''),(81131048,129383,20001,'Telèfons','Tel.','934906593',1,''),(90181404,129363,20001,'Telèfons','Tel.','934463210',1,''),(130115232,130340,20001,'Telèfons','Tel.','93 231 99 57',1,''),(150121418,129870,20001,'Telèfons','Tel.','933160400',1,''),(157183430,129631,20001,'Telèfons','Tel.','933192397',1,''),(159161004,129636,20001,'Telèfons','Tel.','932151159',1,''),(172133754,130540,20001,'Telèfons','Tel.','933406999',1,''),(172133951,130541,20001,'Telèfons','Tel.','932859977',1,''),(175135643,130560,20001,'Telèfons','Tel.','93 285 1624',1,''),(196095943,130674,20001,'Telèfons','Tel.','933010588',1,''),(199193656,130681,20001,'Telèfons','Tel.','934252877',1,''),(242175141,130791,20001,'Telèfons','Tel.','934053982',1,''),(251193419,130803,20001,'Telèfons','Tel.','932003283',1,''),(266121351,130822,20001,'Telèfons','Tel.','932 273 907',1,''),(301181529,131006,20001,'Telèfons','Tel.','934016986',1,''),(312180049,131220,20001,'Telèfons','Tel.','93 401 64 33',1,''),(322114546,131082,20001,'Telèfons','Tel.','935422801',1,''),(333091852,131155,20001,'Telèfons','Tel.','935422000',1,''),(353183830,130384,20001,'Telèfons','Tel.','934433819',1,''),(354173408,131148,20001,'Telèfons','Tel.','934016300',1,''),(354174913,130389,20001,'Telèfons','Tel.','932803100',1,''),(355134317,607723,20001,'Telèfons','Tel.','93 504 20 00',0,'Campus Sant Cugat'),(355134447,130393,20001,'Telèfons','Tel.','932541800',1,''),(355142528,130397,20001,'Telèfons','Tel.','932532300',1,''),(356094623,130406,20001,'Telèfons','Tel.','936022200',1,''),(356131233,130408,20001,'Telèfons','Tel.','935422000',1,''),(362103839,130413,20001,'Telèfons','Tel.','933534419',1,''),(1031123107,131841,20006,'Telèfons','Informació','900304030',1,''),(1047164651,132420,20001,'Telèfons','Tel.','934562887',1,''),(1066143504,132324,20001,'Telèfons','Tel.','934021385',1,''),(1066154523,132325,20006,'Telèfons','Informació','933067844',1,''),(1079155038,132269,20001,'Telèfons','Tel.','93 511 21 04',1,''),(1081085606,132274,20001,'Telèfons','Tel.','933523011',1,''),(1081092719,132275,20001,'Telèfons','Tel.','93 324 84 42',1,''),(1081094422,131843,20001,'Telèfons','Tel.','932273908',1,''),(1087135420,132284,20001,'Telèfons','Tel.','934901326',1,''),(1096153925,132176,20001,'Telèfons','Tel.','932964996',1,''),(1108125936,132191,20001,'Telèfons','Tel.','934034556',1,''),(1117105643,132405,20001,'Telèfons','Tel.','93 553 77 77',1,''),(1120100705,132221,20001,'Telèfons','Tel.','933216450',1,''),(1120114225,132222,20001,'Telèfons','Tel.','93 412 43 61',1,''),(1124101755,131767,20001,'Telèfons','Tel.','934324183',1,''),(1124102211,131680,20001,'Telèfons','Tel.','933213659',1,''),(1128203753,132112,20001,'Telèfons','Tel.','933178443',1,''),(1129162618,132116,20001,'Telèfons','Tel.','933396376',1,''),(1129172445,132117,20001,'Telèfons','Tel.','93 289 2390',1,''),(1130120543,132123,20001,'Telèfons','Tel.','932655553',1,''),(1130165632,132124,20001,'Telèfons','Tel.','933323262',1,''),(1130165650,132125,20001,'Telèfons','Tel.','933355300',1,''),(1130173252,132126,20001,'Telèfons','Tel.','933355300',1,''),(1130174144,132127,20001,'Telèfons','Tel.','933355300',1,''),(1130174523,132128,20001,'Telèfons','Tel.','933355300',1,''),(1130210851,132129,20001,'Telèfons','Tel.','934034646',1,''),(1131123715,131840,20001,'Telèfons','Tel.','934964500',1,''),(1144092409,132055,20001,'Telèfons','Tel.','933020829',1,''),(1145134519,132059,20001,'Telèfons','Tel.','934073113',1,''),(1148140537,132062,20001,'Telèfons','Tel.','934982728',1,''),(1163134419,132087,20001,'Telèfons','Tel.','934904187',1,''),(1166124831,131985,20003,'Telèfons','Centraleta','932309500',1,''),(1183105439,131707,20001,'Telèfons','Tel.','934335501',1,''),(1263121555,133764,20001,'Telèfons','Tel.','932179020',1,''),(1281135009,133416,20001,'Telèfons','Tel.','934118585',1,''),(1299090907,133568,20001,'Telèfons','Tel.','934234448',1,''),(1302102942,133727,20006,'Telèfons','Informació','690 72 95 98',1,''),(1302110725,133367,20001,'Telèfons','Tel.','93 482 41 24',1,''),(1318155120,133064,20001,'Telèfons','Tel.','933452861',1,''),(1330172216,133187,20001,'Telèfons','Tel.','934 037 821',1,''),(2008164453,133810,20001,'Telèfons','Tel.','932 235 344',1,''),(2008170005,133305,20001,'Telèfons','Tel.','933147947',1,''),(2093120653,135304,20001,'Telèfons','Tel.','933101807',1,''),(2093120848,135305,20001,'Telèfons','Tel.','933250913',1,''),(2093121443,135306,20001,'Telèfons','Tel.','932804683',1,''),(2093122108,135308,20001,'Telèfons','Tel.','933593854',1,''),(2093122837,135307,20001,'Telèfons','Tel.','934272798',1,''),(2093122931,135309,20001,'Telèfons','Tel.','933116686',1,''),(2093123310,135310,20001,'Telèfons','Tel.','932214100',1,''),(2093123421,135311,20001,'Telèfons','Tel.','932211969',1,''),(2147483647,161673,20001,'Telèfons','Tel.','934326888',1,'');
/*!40000 ALTER TABLE `valors` ENABLE KEYS */;
UNLOCK TABLES;
/*!40103 SET TIME_ZONE=@OLD_TIME_ZONE */;

/*!40101 SET SQL_MODE=@OLD_SQL_MODE */;
/*!40014 SET FOREIGN_KEY_CHECKS=@OLD_FOREIGN_KEY_CHECKS */;
/*!40014 SET UNIQUE_CHECKS=@OLD_UNIQUE_CHECKS */;
/*!40101 SET CHARACTER_SET_CLIENT=@OLD_CHARACTER_SET_CLIENT */;
/*!40101 SET CHARACTER_SET_RESULTS=@OLD_CHARACTER_SET_RESULTS */;
/*!40101 SET COLLATION_CONNECTION=@OLD_COLLATION_CONNECTION */;
/*!40111 SET SQL_NOTES=@OLD_SQL_NOTES */;

-- Dump completed on 2025-11-24 15:44:56
